<?xml version="1.0"?>
<!DOCTYPE hibernate-mapping PUBLIC "-//Hibernate/Hibernate Mapping DTD 3.0//EN"
"http://hibernate.sourceforge.net/hibernate-mapping-3.0.dtd">
<!-- Generated 2019-12-19 12:44:01 by Hibernate Tools 3.5.0.Final -->
<hibernate-mapping>
    <class name="com.programmer.biaoqian.BiaoQian" table="BIAOQIAN">
        <id name="id" type="java.lang.Integer">
            <column name="ID" />
            <generator class="native" />
        </id>
        <property name="b_name" type="java.lang.String">
            <column name="B_NAME" />
        </property>
        <property name="b_dreamid" type="java.lang.String">
            <column name="B_DREAMID" />
        </property>
    </class>
</hibernate-mapping>
