<?xml version="1.0" encoding="UTF-8"?>
<!DOCTYPE hibernate-configuration PUBLIC
		"-//Hibernate/Hibernate Configuration DTD 3.0//EN"
		"http://www.hibernate.org/dtd/hibernate-configuration-3.0.dtd">
<hibernate-configuration>
    <session-factory>
        <property name="hibernate.connection.driver_class">com.mysql.cj.jdbc.Driver</property>
        <property name="connection.url">jdbc:mysql:///db_dream?useSSL=false&amp;serverTimezone=UTC</property>
        <property name="hibernate.connection.password">201711045</property>
        <property name="hibernate.connection.username">root</property>
        <property name="dialect">org.hibernate.dialect.MySQL5InnoDBDialect</property>
        <property name="hbm2ddl.auto">update</property>
		<property name="show_sql">true</property>
		<property name="format_sql">true</property>
		<property name="connection.autocommit">true</property>
		<mapping resource="com/programmer/user/User.hbm.xml"/>
		<mapping resource="com/programmer/dream/Dream.hbm.xml"/>
		<mapping resource="com/programmer/biaoqian/BiaoQian.hbm.xml"/>
    </session-factory>
</hibernate-configuration>
