<?xml version="1.0"?>
<!DOCTYPE hibernate-mapping PUBLIC "-//Hibernate/Hibernate Mapping DTD 3.0//EN"
"http://hibernate.sourceforge.net/hibernate-mapping-3.0.dtd">
<!-- Generated 2019-11-26 19:08:23 by Hibernate Tools 3.5.0.Final -->
<hibernate-mapping>
    <class name="com.programmer.user.User" table="USER">
        <id name="id" type="java.lang.Integer">
            <column name="ID" />
            <generator class="native" />
        </id>
        <property name="u_name" type="java.lang.String">
            <column name="U_NAME" />
        </property>
        <property name="u_password" type="java.lang.String">
            <column name="U_PASSWORD" />
        </property>
        <set name="dreams" table="DREAM" inverse="false" lazy="true">
            <key>
                <column name="USER_ID" />
            </key>
            <one-to-many class="com.programmer.dream.Dream" />
        </set>
    </class>
</hibernate-mapping>
