<?xml version="1.0"?>
<!DOCTYPE hibernate-mapping PUBLIC "-//Hibernate/Hibernate Mapping DTD 3.0//EN"
"http://hibernate.sourceforge.net/hibernate-mapping-3.0.dtd">
<!-- Generated 2019-11-26 19:08:23 by Hibernate Tools 3.5.0.Final -->
<hibernate-mapping>
    <class name="com.programmer.dream.Dream" table="DREAM">
        <id name="id" type="java.lang.Integer">
            <column name="ID" />
            <generator class="native" />
        </id>
        <property name="dreamname" type="java.lang.String">
            <column name="DREAMNAME" />
        </property>
        <property name="starttime" type="java.util.Date">
            <column name="STARTTIME" />
        </property>
        <property name="endtime" type="java.util.Date">
            <column name="ENDTIME" />
        </property>
        <property name="text" type="java.lang.String">
            <column name="TEXT" />
        </property>
    </class>
</hibernate-mapping>
